User Trial,HR,SP02,RR
Logan Trial 1,44.13,101.80,8.68
Logan Trial 1 pulseOx,69,69,69
Logan Trial 2,45.01,101.02,4.34
Logan Trial 2 pulseOx,67,67,67
Logan Trial 1,56.36,99.62,8.67
Logan Trial 1 pulseOx,61,98,6
Logan Trial 2,59.18,87.29,4.33
Logan Trial 2 pulseOx,71,99,6
Logan Trial 3,58.96,98.12,4.33
Logan Trial 3 pulseOx,63,98,8
Logan Trial 4,59.49,98.19,4.33
Logan Trial 4 pulseOx,63,97,7
Logan Trial 5,67.32,99.82,13.00
Logan Trial 5 pulseOx,70,99,7
Logan Trial 6,71.55,98.22,4.33
Logan Trial 6 pulseOx,73,97,7
Logan Trial 7,62.18,96.59,13.00
Logan Trial 7 pulseOx,72,98,8
Logan Trial 8,61.20,95.74,4.33
Logan Trial 8 pulseOx,63,98,10
Jonas Trial 1,48.21,102.29,4.33
Jonas Trial 1 pulseOx,48,99,4
Jonas Trial 2,52.89,92.78,4.33
Jonas Trial 2 pulseOx,45,99,6
Jonas Trial 3,52.19,112.03,4.33
Jonas Trial 3 pulseOx,50,99,4
Jonas Trial 4,55.19,102.02,4.33
Jonas Trial 4 pulseOx,50,100,3
Jonas Trial 5,53.32,98.18,17.33
Jonas Trial 5 pulseOx,51,100,3
Jonas Trial 6,55.76,94.47,4.33
Jonas Trial 6 pulseOx,49,99,3
Jonas Trial 7,50.59,96.48,8.67
Jonas Trial 7 pulseOx,49,100,3
Jonas Trial 8,55.33,86.12,4.33
Jonas Trial 8 pulseOx,51,99,2
Olaoluwa Trial 1,47.46,93.43,4.33
Olaoluwa Trial 1 pulseOx,58,99,111
Olaoluwa Trial 2,60.79,108.73,4.33
Olaoluwa Trial 1,56.94,97.22,4.33
Olaoluwa Trial 1,56.34,97.76,4.33
Olaoluwa Trial 1 pulseOx,57,99,5
Olaoluwa Trial 2,57.70,96.47,4.33
Olaoluwa Trial 2 pulseOx,56,99,4
Olaoluwa Trial 3,55.62,97.75,4.33
Olaoluwa Trial 3 pulseOx,57,95,5
Olaoluwa Trial 4,57.09,100.09,4.33
Olaoluwa Trial 4 pulseOx,96,60,0
Olaoluwa Trial 5,57.39,95.91,4.33
Olaoluwa Trial 5 pulseOx,97,55,0
Olaoluwa Trial 6,62.51,99.31,4.33
Olaoluwa Trial 6 pulseOx,58,97,4
Olaoluwa Trial 7,61.52,95.65,4.33
Olaoluwa Trial 7 pulseOx,72,97,4
Olaoluwa Trial 8,62.94,95.76,4.33
Olaoluwa Trial 8 pulseOx,69,98,5
TEST Trial 1,24.41,94.53,4.34
TEST Trial 1,40.78,102.31,4.34
TEST Trial 1,29.84,105.93,13.01
